{"stats":{"minecraft:used":{"minecraft:carrot_on_a_stick":1,"minecraft:birch_log":7,"minecraft:birch_leaves":1},"minecraft:custom":{"minecraft:jump":59,"minecraft:time_since_rest":15775,"minecraft:damage_dealt":75,"minecraft:crouch_one_cm":102,"minecraft:leave_game":1,"minecraft:sprint_one_cm":20687,"minecraft:play_time":15775,"minecraft:time_since_death":15775,"minecraft:walk_one_cm":4790,"minecraft:sneak_time":533,"minecraft:total_world_time":15775,"minecraft:damage_resisted":44,"minecraft:mob_kills":1,"minecraft:fall_one_cm":209,"minecraft:fly_one_cm":136592},"minecraft:killed":{"minecraft:bee":1},"minecraft:picked_up":{"minecraft:egg":1}},"DataVersion":3839}