{"stats":{"minecraft:custom":{"minecraft:jump":130,"minecraft:time_since_rest":26678,"minecraft:damage_dealt":46,"minecraft:crouch_one_cm":437,"minecraft:leave_game":2,"minecraft:play_time":26678,"minecraft:sprint_one_cm":13296,"minecraft:damage_taken":40,"minecraft:time_since_death":26678,"minecraft:walk_one_cm":6309,"minecraft:sneak_time":324,"minecraft:total_world_time":26678,"minecraft:fall_one_cm":1173,"minecraft:fly_one_cm":134007},"minecraft:picked_up":{"minecraft:brown_wool":1,"minecraft:mutton":2},"minecraft:used":{"minecraft:turtle_spawn_egg":1,"minecraft:oak_leaves":1,"minecraft:grass_block":4}},"DataVersion":3465}