{"stats":{"minecraft:custom":{"minecraft:jump":134,"minecraft:time_since_rest":37910,"minecraft:damage_dealt":46,"minecraft:crouch_one_cm":537,"minecraft:leave_game":3,"minecraft:play_time":37910,"minecraft:sprint_one_cm":13915,"minecraft:damage_taken":40,"minecraft:time_since_death":37910,"minecraft:walk_one_cm":6515,"minecraft:sneak_time":372,"minecraft:total_world_time":37910,"minecraft:fall_one_cm":1173,"minecraft:fly_one_cm":140407},"minecraft:picked_up":{"minecraft:brown_wool":1,"minecraft:mutton":2},"minecraft:used":{"minecraft:turtle_spawn_egg":1,"minecraft:oak_leaves":1,"minecraft:grass_block":4}},"DataVersion":3465}