{"stats":{"minecraft:custom":{"minecraft:jump":87,"minecraft:time_since_rest":14678,"minecraft:damage_dealt":36,"minecraft:crouch_one_cm":318,"minecraft:leave_game":2,"minecraft:play_time":14678,"minecraft:sprint_one_cm":9684,"minecraft:damage_taken":40,"minecraft:time_since_death":14678,"minecraft:walk_one_cm":4117,"minecraft:sneak_time":199,"minecraft:total_world_time":14678,"minecraft:fall_one_cm":1173,"minecraft:fly_one_cm":82679},"minecraft:picked_up":{"minecraft:brown_wool":1,"minecraft:mutton":2},"minecraft:used":{"minecraft:oak_leaves":1,"minecraft:grass_block":4}},"DataVersion":3465}