{"stats":{"minecraft:crafted":{"minecraft:birch_planks":20,"minecraft:crafting_table":2,"minecraft:stick":4,"minecraft:stone_pickaxe":1,"minecraft:wooden_pickaxe":1},"minecraft:mined":{"minecraft:grass_block":1,"minecraft:coal_ore":1,"minecraft:gravel":5,"minecraft:dirt":14,"minecraft:iron_ore":1,"minecraft:birch_log":5,"minecraft:stone":103,"minecraft:birch_leaves":2,"minecraft:crafting_table":1},"minecraft:broken":{"minecraft:wooden_pickaxe":1},"minecraft:used":{"minecraft:dirt":2,"minecraft:cobblestone":4,"minecraft:crafting_table":2,"minecraft:stone_pickaxe":52,"minecraft:carrot_on_a_stick":1,"minecraft:wooden_pickaxe":59},"minecraft:picked_up":{"minecraft:birch_log":5,"minecraft:crafting_table":1,"minecraft:raw_iron":1,"minecraft:gravel":4,"minecraft:flint":1,"minecraft:coal":1,"minecraft:dirt":15,"minecraft:cobblestone":103},"minecraft:custom":{"minecraft:time_since_rest":10072,"minecraft:crouch_one_cm":1027,"minecraft:play_time":10072,"minecraft:sprint_one_cm":5725,"minecraft:damage_taken":80,"minecraft:walk_one_cm":8517,"minecraft:sneak_time":637,"minecraft:jump":53,"minecraft:walk_on_water_one_cm":301,"minecraft:time_since_death":10072,"minecraft:damage_resisted":44,"minecraft:total_world_time":10072,"minecraft:interact_with_crafting_table":2,"minecraft:fall_one_cm":1514,"minecraft:fly_one_cm":5602}},"DataVersion":3839}