{
  "snc:root": {
    "criteria": {
      "unlock": "2024-07-28 21:38:56 +0000"
    },
    "done": true
  },
  "minecraft:recipes/decorations/crafting_table": {
    "criteria": {
      "unlock_right_away": "2024-07-28 21:38:26 +0000"
    },
    "done": true
  },
  "snc:titan/close": {
    "criteria": {
      "unlock": "2024-07-28 21:39:01 +0000"
    },
    "done": true
  },
  "minecraft:adventure/adventuring_time": {
    "criteria": {
      "minecraft:old_growth_birch_forest": "2024-07-28 21:38:27 +0000"
    },
    "done": false
  },
  "DataVersion": 3839
}